adieugalaxyexpress999themovie,https://mediaocd.com/product/adieu-galaxy-express-999-the-movie-blu-ray/,Discotek,Adieu Galaxy Express 999: The Movie,1,Blu-ray,,ES228,A,,0001-01-01,JP,movie
aftertheraincompletecollection,https://mediaocd.com/product/after-the-rain-complete-collection-blu-ray/,Sentai Filmworks,After the Rain: Complete Collection,1,Blu-ray,,SFBATR100,,,0001-01-01,JP,TV
aimfortheaceanothermatch,https://mediaocd.com/product/aim-for-the-ace-another-match-blu-ray/,Discotek,Aim for the Ace: Another Match,1,Blu-ray,,ES593,A,,0001-01-01,JP,TV
aimfortheacethecompletetvseries,https://mediaocd.com/product/aim-for-the-ace-the-complete-tv-series-blu-ray/,Discotek,Aim for the Ace: The Complete TV Series,1,Blu-ray,,ES554,A,,0001-01-01,JP,TV
aimfortheacethemovie,https://mediaocd.com/product/aim-for-the-ace-the-movie-blu-ray/,Discotek,Aim for the Ace: The Movie,1,Blu-ray,,ES566,A,,0001-01-01,JP,movie
akibamaidwarcompletecollection,https://mediaocd.com/product/akiba-maid-war-complete-collection-blu-ray/,Sentai Filmworks,Akiba Maid War: Complete Collection,1,Blu-ray,,SFBAMW100,,,0001-01-01,JP,TV
aliennine,https://mediaocd.com/product/alien-nine-blu-ray-2/,AnimEigo,Alien Nine,1,Blu-ray,,,FREE,,2026-05-11,JP,TV
allpurposeculturalcatgirlnukunukusd,https://mediaocd.com/product/all-purpose-cultural-cat-girl-nuku-nuku-sd-blu-ray/,Discotek,All-Purpose Cultural Cat Girl Nuku Nuku – SD Blu-ray,1,Blu-ray,,ES297,A,,0001-01-01,JP,TV
amagibrilliantparkcompletecollection,https://mediaocd.com/product/amagi-brilliant-park-complete-collection-blu-ray/,Sentai Filmworks,Amagi Brilliant Park: Complete Collection,1,Blu-ray,,SFBABP110,,,0001-01-01,JP,TV
andyetthetownmovescompletecollection,https://mediaocd.com/product/and-yet-the-town-moves-complete-collection-blu-ray/,Sentai Filmworks,And Yet The Town Moves: Complete Collection,1,Blu-ray,,SFBYTM110,,,0001-01-01,JP,TV
angelcopcompleteovaseries,https://mediaocd.com/product/angel-cop-complete-ova-series-blu-ray/,Discotek,Angel Cop: Complete OVA Series,1,Blu-ray,,ES303,,,0001-01-01,JP,OVA
angelheart,https://mediaocd.com/product/angel-heart-blu-ray/,Discotek,Angel Heart,1,Blu-ray,,ES652,A,,0001-01-01,JP,TV
appleseedtheoriginal1988ova,https://mediaocd.com/product/appleseed-the-original-1988-ova-blu-ray/,Discotek,Appleseed: The Original 1988 OVA,1,Blu-ray,,ES488,A,,0001-01-01,JP,OVA
astroboythecomplete1980series,https://mediaocd.com/product/astro-boy-the-complete-1980-series-blu-ray/,Discotek,Astro Boy: The Complete 1980 Series,1,Blu-ray,,ES503,A,,0001-01-01,JP,TV
awindnamedamnesia,https://mediaocd.com/product/a-wind-named-amnesia-blu-ray/,Discotek,A Wind Named Amnesia,1,Blu-ray,,ES564,,,0001-01-01,JP,TV
azumangadaiohcompletecollection,https://mediaocd.com/product/azumanga-daioh-complete-collection-blu-ray/,Sentai Filmworks,Azumanga Daioh: Complete Collection,1,Blu-ray,,SFBAZD100,A,,0001-01-01,JP,TV
bakicompletecollection,https://mediaocd.com/product/baki-complete-collection-blu-ray/,Sentai Filmworks,BAKI: Complete Collection,1,Blu-ray,,SFB-BKG100,A,,0001-01-01,JP,TV
barefootgenanimatedmovies12,https://mediaocd.com/product/barefoot-gen-blu-ray/,Discotek,Barefoot Gen: Animated Movies 1 & 2,1,Blu-ray,,ES268,A,,0001-01-01,JP,TV
belladonnaofsadness4kuhd,https://mediaocd.com/product/belladonna-of-sadness-4k-uhd-bluray/,Discotek,Belladonna of Sadness – 4K UHD + Blu-ray,1,4K UHD,,ES618,FREE,,0001-01-01,JP,TV
berserkthecomplete1997tvseries,https://mediaocd.com/product/berserk-the-complete-1997-tv-series-blu-ray/,Discotek,Berserk: The Complete 1997 TV Series,1,Blu-ray,,ES611,A,,0001-01-01,JP,TV
beyondtheboundarycompleteseriescollection,https://mediaocd.com/product/beyond-the-boundary-complete-series-collection-blu-ray/,Sentai Filmworks,Beyond the Boundary: Complete Series Collection,1,Blu-ray,,SFB-BTB120,A,,0001-01-01,JP,TV
blackjackthecompleteovaseries,https://mediaocd.com/product/black-jack-the-complete-ova-series-blu-ray-2/,AnimEigo,Black Jack: The Complete OVA Series,1,Blu-ray,,,FREE,,0001-01-01,JP,OVA
blackrockshooterthecompletetvseries,https://mediaocd.com/product/black-rock-shooter-the-complete-tv-series-blu-ray/,Discotek,Black Rock Shooter: The Complete TV Series,1,Blu-ray,,ES455,A,,0001-01-01,JP,TV
bladeoftheimmortalcompletecollection,https://mediaocd.com/product/blade-of-the-immortal-complete-collection-blu-ray/,Sentai Filmworks,Blade of the Immortal: Complete Collection,1,Blu-ray,,SFB-BOI100,A,,0001-01-01,JP,TV
bludgeoningangeldokurochan,https://mediaocd.com/product/bludgeoning-angel-dokuro-chan-blu-ray/,Discotek,Bludgeoning Angel Dokuro-Chan,1,Blu-ray,,ES350,A,,0001-01-01,JP,TV
bluecometsptlayzner,https://mediaocd.com/product/blue-comet-spt-layzner-blu-ray/,Discotek,Blue Comet SPT Layzner,1,Blu-ray,,ES595,A,,0001-01-01,JP,TV
bluesubmarineno6completecollection,https://mediaocd.com/product/blue-submarine-no-6-complete-collection-blu-ray/,Discotek,Blue Submarine No. 6: Complete Collection,1,Blu-ray,,ES062,A,,0001-01-01,JP,TV
bobobobobobobosd,https://mediaocd.com/product/bobobo-bo-bo-bobo-sd-blu-ray/,Discotek,BoBoBo-Bo Bo-BoBo – SD Blu-ray,1,Blu-ray,,ES366,A,,0001-01-01,JP,TV
bubblegumcrash,https://mediaocd.com/product/bubblegum-crash-blu-ray/,AnimEigo,Bubblegum Crash!,1,Blu-ray,,,FREE,,0001-01-01,JP,TV
bubblegumcrisisperfectcollection,https://mediaocd.com/product/bubblegum-crisis-perfect-collection-blu-ray/,AnimEigo,Bubblegum Crisis: Perfect Collection,1,Blu-ray,,,FREE,,0001-01-01,JP,TV
captainharlockarcadiaofmyyouthspecialedition,https://mediaocd.com/product/captain-harlock-arcadia-of-my-youth-special-edition-blu-ray/,Discotek,Captain Harlock: Arcadia of my Youth – Special Edition,1,Blu-ray,,ES215,A,,0001-01-01,JP,TV
captainharlockspacepiratecompletecollection,https://mediaocd.com/product/captain-harlock-space-pirate-complete-collection-blu-ray/,Discotek,Captain Harlock: Space Pirate – Complete Collection,1,Blu-ray,,ES629,A,,0001-01-01,JP,TV
cardcaptorsakurathemovie,https://mediaocd.com/product/cardcaptor-sakura-the-movie-blu-ray/,Discotek,Cardcaptor Sakura: The Movie,1,Blu-ray,,ES102,A,,0001-01-01,JP,movie
cardcaptorsakurathemovie2thesealedcard,https://mediaocd.com/product/cardcaptor-sakura-the-movie-2-the-sealed-card-blu-ray/,Discotek,Cardcaptor Sakura: The Movie 2 – The Sealed Card,1,Blu-ray,,ES300,A,,0001-01-01,JP,movie
caroletuesdaycompletecollection,https://mediaocd.com/product/carole-tuesday-complete-collection-blu-ray/,Sentai Filmworks,Carole & Tuesday: Complete Collection,1,Blu-ray,,SFB-CAT100,A,,0001-01-01,JP,TV
catseyethecompletefirstseason,https://mediaocd.com/product/cats-eye-the-complete-first-season-blu-ray/,Discotek,Cat's Eye: The Complete First Season,1,Blu-ray,,ES499,A,,0001-01-01,JP,TV
catseyethecompletesecondseason,https://mediaocd.com/product/cats-eye-the-complete-second-season-blu-ray/,Discotek,Cat's Eye: The Complete Second Season,1,Blu-ray,,ES538,A,,0001-01-01,JP,TV
chiethebrat1sttvseries,https://mediaocd.com/product/chie-the-brat-1st-tv-series-blu-ray/,Discotek,Chie the Brat: 1st TV Series,1,Blu-ray,,ES620,,,0001-01-01,JP,TV
chiethebrat2ndtvseriessd,https://mediaocd.com/product/chie-the-brat-2nd-tv-series-sd-blu-ray/,Discotek,Chie the Brat: 2nd TV Series – SD Blu-ray,1,Blu-ray,,ES648,A,,0001-01-01,JP,TV
cityhunter91thecomplete1991series,https://mediaocd.com/product/city-hunter-91-the-complete-1991-series-blu-ray/,Discotek,City Hunter '91: The Complete 1991 Series,1,Blu-ray,,ES500,A,,0001-01-01,JP,TV
cityhuntercompletesecondseries,https://mediaocd.com/product/city-hunter-complete-second-series-blu-ray/,Discotek,City Hunter: Complete Second Series,1,Blu-ray,,ES670,A/B,,0001-01-01,JP,TV
cityhuntermovietvspecialcollection,https://mediaocd.com/product/city-hunter-movie-tv-special-collection-blu-ray/,Discotek,City Hunter: Movie & TV Special Collection,1,Blu-ray,,ES550,A,,0001-01-01,JP,TV
cityhuntershinjukuprivateeyes,https://mediaocd.com/product/city-hunter-shinjuku-private-eyes-blu-ray/,Discotek,City Hunter: Shinjuku Private Eyes,1,Blu-ray,,ES382,A,,0001-01-01,JP,TV
cityhunterthecompletefirstseries,https://mediaocd.com/product/city-hunter-the-complete-first-series-blu-ray/,Discotek,City Hunter: The Complete First Series,1,Blu-ray,,ES471,A,,0001-01-01,JP,TV
cromartiehighschool,https://mediaocd.com/product/cromartie-high-school-blu-ray/,Discotek,Cromartie High School,1,Blu-ray,,ES578,A,,0001-01-01,JP,TV
crusherjoethecompleteovaseries,https://mediaocd.com/product/1563/,Discotek,Crusher Joe: The Complete OVA Series,1,Blu-ray,,ES407,A,,0001-01-01,JP,OVA
crusherjoethemovie,https://mediaocd.com/product/crusher-joe-the-movie-blu-ray/,Discotek,Crusher Joe: The Movie,1,Blu-ray,,ES390,A,,0001-01-01,JP,movie
cryingfreeman,https://mediaocd.com/product/crying-freeman-blu-ray/,Discotek,Crying Freeman,1,Blu-ray,,ES592,A,,0001-01-01,JP,TV
cutiehoneytheoriginaltvseriessd,https://mediaocd.com/product/cutie-honey-the-original-tv-series-sd-blu-ray/,Discotek,Cutie Honey: The Original TV Series – SD Blu-ray,1,Blu-ray,,ES643,A,,0001-01-01,JP,TV
cybercityoedo808,https://mediaocd.com/product/cyber-city-oedo-808-blu-ray/,Discotek,Cyber City Oedo 808,1,Blu-ray,,ES443,A,,0001-01-01,JP,TV
cybersix,https://mediaocd.com/product/cybersix-blu-ray/,Discotek,Cybersix,1,Blu-ray,,ES586,A,,0001-01-01,JP,TV
cyborg009vsdevilman,https://mediaocd.com/product/cyborg-009-vs-devilman-blu-ray/,Discotek,Cyborg 009 vs. Devilman,1,Blu-ray,,ES662,A,,0001-01-01,JP,TV
daggerofkamui,https://mediaocd.com/product/dagger-of-kamui-blu-ray-2/,AnimEigo,Dagger of Kamui,1,Blu-ray,,,FREE,,0001-01-01,JP,TV
dancougasuperbeastmachinegod,https://mediaocd.com/product/dancouga-super-beast-machine-god-blu-ray/,Discotek,Dancouga: Super Beast Machine God,1,Blu-ray,,ES417,A,,0001-01-01,JP,TV
darkstalkersova,https://mediaocd.com/product/darkstalkers-ova-blu-ray/,Discotek,Darkstalkers OVA,1,Blu-ray,,ES507,A,,0001-01-01,JP,OVA
dearbrother,https://mediaocd.com/product/dear-brother-blu-ray/,Discotek,Dear Brother,1,Blu-ray,,ES452,A,,0001-01-01,JP,TV
dearscompletecollection,https://mediaocd.com/product/dears-complete-collection-blu-ray/,Discotek,DearS: Complete Collection,1,Blu-ray,,ES653,A,,0001-01-01,JP,TV
demoncityshinjuku,https://mediaocd.com/product/demon-city-shinjuku-blu-ray/,Discotek,Demon City Shinjuku,1,Blu-ray,,ES396,A,,0001-01-01,JP,TV
devilmanlady,https://mediaocd.com/product/devilman-lady-blu-ray/,Discotek,Devilman Lady,1,Blu-ray,,ES255,A,,0001-01-01,JP,TV
devilmanthecompleteovaseries,https://mediaocd.com/product/devilman-the-complete-ova-series-blu-ray/,Discotek,Devilman: The Complete OVA Series,1,Blu-ray,,ES305,A,,0001-01-01,JP,OVA
devilmanthecompletetvseries1972,https://mediaocd.com/product/devilman-the-complete-tv-series-1972-blu-ray/,Discotek,Devilman: The Complete TV Series (1972),1,Blu-ray,,ES534,A,,0001-01-01,JP,TV
digimonadventurethecompletefirstseasonoriginalenglishversion,https://mediaocd.com/product/digimon-adventure-the-complete-first-season-original-english-version-blu-ray/,Discotek,Digimon Adventure: The Complete First Season Original English Version,1,Blu-ray,,ES545,A,,0001-01-01,JP,TV
digimonadventurethecompletefirstseasonoriginaljapaneseversion,https://mediaocd.com/product/digimon-adventure-the-complete-first-season-original-japanese-version-blu-ray/,Discotek,Digimon Adventure: The Complete First Season Original Japanese Version,1,Blu-ray,,ES572,A,,0001-01-01,JP,TV
digimontamersseason3collectionenglishlanguageversion,https://mediaocd.com/product/digimon-tamers-season-3-collection-blu-ray/,Discotek,Digimon Tamers: Season 3 Collection (English Language Version),1,Blu-ray,,ES687,A,,2026-08-25,JP,TV
digimonthecompletesecondseasonenglishlanguageversion,https://mediaocd.com/product/digimon-the-complete-second-season-english-language-version-blu-ray/,Discotek,Digimon: The Complete Second Season English Language Version,1,Blu-ray,,ES619,A,,0001-01-01,JP,TV
digimonthecompletesecondseasonjapaneselanguageversion,https://mediaocd.com/product/digimon-the-complete-second-season-japanese-language-version-blu-ray/,Discotek,Digimon: The Complete Second Season Japanese Language Version,1,Blu-ray,,ES647,A,,0001-01-01,JP,TV
digimonthemovies13collection,https://mediaocd.com/product/digimon-the-movies-1-3-collection-blu-ray/,Discotek,Digimon: The Movies 1-3 Collection,1,Blu-ray,,ES641,A,,0001-01-01,JP,TV
digimonthemovies46collection,https://mediaocd.com/product/digimon-the-movies-4-6-collection-blu-ray/,Discotek,Digimon: The Movies 4-6 Collection,1,Blu-ray,,ES669,A,,0001-01-01,JP,TV
doomedmegalopolis,https://mediaocd.com/product/doomed-megalopolis-blu-ray/,Media Blasters,Doomed Megalopolis,1,Blu-ray,,MBBD-2149,,,0001-01-01,JP,TV
dororo2019completecollection,https://mediaocd.com/product/dororo-2019-complete-collection-blu-ray/,Sentai Filmworks,Dororo (2019): Complete Collection,1,Blu-ray,,SFBDRR100,A,,0001-01-01,JP,TV
eiken,https://mediaocd.com/product/eiken-blu-ray/,Media Blasters,Eiken,1,Blu-ray,,AWBD-2015,,,0001-01-01,JP,TV
elfenliedcompletecollection,https://mediaocd.com/product/elfen-lied-complete-collection-blu-ray-2/,Sentai Filmworks,Elfen Lied: Complete Collection,1,Blu-ray,,SFBELF100,,,0001-01-01,JP,TV
fatalfurythemotionpicture,https://mediaocd.com/product/fatal-fury-the-movie-steelbook-blu-ray/,Discotek,Fatal Fury: The Motion Picture,1,Blu-ray,,SB4,A,SteelBook,0001-01-01,JP,TV
fatalfurytheovacollection,https://mediaocd.com/product/fatal-fury-the-ova-collection-blu-ray/,Discotek,Fatal Fury: The OVA Collection,1,Blu-ray,,ES464,,,0001-01-01,JP,OVA
fatestaynightunlimitedbladeworks,https://mediaocd.com/product/fate-stay-night-unlimited-blade-works-blu-ray/,Sentai Filmworks,Fate/Stay Night: Unlimited Blade Works,1,Blu-ray,,SFBFSN002,,,0001-01-01,JP,TV
fistofthenorthstarthelegendofthetruesaviorlegendofkenshiro,https://mediaocd.com/product/fist-of-the-north-star-the-legend-of-the-true-savior-legend-of-kenshiro-blu-ray/,Discotek,Fist of the North Star – The Legend of the True Savior: Legend of Kenshiro,1,Blu-ray,,ES613,,,0001-01-01,JP,TV
fistofthenorthstarthelegendofthetruesaviorlegendofraohchapterofdeathinlovemovie,https://mediaocd.com/product/fist-of-the-north-star-the-legend-of-the-true-savior-legend-of-raoh-chapter-of-death-in-love-movie-blu-ray/,Discotek,Fist of the North Star – The Legend of the True Savior Legend of Raoh: Chapter of Death in Love Movie,1,Blu-ray,,ES553,,,0001-01-01,JP,TV
fistofthenorthstarthelegendsofthetruesaviorlegendofraohchapteroffiercefightingmovie,https://mediaocd.com/product/fist-of-the-north-star-the-legends-of-the-true-savior-legend-of-raoh-chapter-of-fierce-fighting-movie-blu-ray/,Discotek,Fist of the North Star – The Legends of the True Savior – Legend of Raoh: Chapter of Fierce Fighting Movie,1,Blu-ray,,ES596,,,0001-01-01,JP,TV
fistofthenorthstarthelegendsofthetruesaviorlegendofyurialegendoftoki,https://mediaocd.com/product/fist-of-the-north-star-the-legends-of-the-true-savior-legend-of-yuria-legend-of-toki-blu-ray/,Discotek,"Fist of the North Star – The Legends of the True Savior: Legend of Yuria, Legend of Toki",1,Blu-ray,,ES591,,,0001-01-01,JP,TV
fistofthenorthstarthetvseriescompleteseriescollectionsd,https://mediaocd.com/product/fist-of-the-north-star-the-tv-series-complete-series-collection-sd-blu-ray/,Discotek,Fist of the North Star: The TV Series – Complete Series Collection – SD Blu-ray,1,Blu-ray,,ES226,A,,0001-01-01,JP,TV
flameofreccacompletecollectionsd,https://mediaocd.com/product/flame-of-recca-complete-collection-sd-blu-ray/,Discotek,Flame of Recca: Complete Collection – SD Blu-ray,1,Blu-ray,,ES649,A,,0001-01-01,JP,TV
flowersofevilcompletecollection,https://mediaocd.com/product/flowers-of-evil-complete-collection-blu-ray/,Sentai Filmworks,Flowers of Evil: Complete Collection,1,Blu-ray,,SFBFOE110,,,0001-01-01,JP,TV
futakoialternativethecompletetvseries,https://mediaocd.com/product/futakoi-alternative-the-complete-tv-series-blu-ray/,Discotek,Futakoi Alternative: The Complete TV Series,1,Blu-ray,,ES624,A,,0001-01-01,JP,TV
futakoithecompletetvseries,https://mediaocd.com/product/futakoi-the-complete-tv-series-blu-ray/,Discotek,Futakoi: The Complete TV Series,1,Blu-ray,,ES612,A,,0001-01-01,JP,TV
galaxyexpress999eternalfantasy,https://mediaocd.com/product/galaxy-express-999-eternal-fantasy-blu-ray/,Discotek,Galaxy Express 999: Eternal Fantasy,1,Blu-ray,,ES367,A,,0001-01-01,JP,TV
galaxyexpress999themovie,https://mediaocd.com/product/galaxy-express-999-the-movie-blu-ray/,Discotek,Galaxy Express 999: The Movie,1,Blu-ray,,ES227,A,,0001-01-01,JP,movie
galaxyexpress999thetvseriescompletecollection,https://mediaocd.com/product/galaxy-express-999-the-tv-series-complete-collection-blu-ray/,Discotek,Galaxy Express 999: The TV Series Complete Collection,1,Blu-ray,,ES666,A,,0001-01-01,JP,TV
gardenofwords,https://mediaocd.com/product/garden-of-words-blu-ray/,Sentai Filmworks,Garden Of Words,1,Blu-ray,,SFB-GOW003,,,0001-01-01,JP,TV
genocybersd,https://mediaocd.com/product/genocyber-sd-blu-ray/,Discotek,Genocyber – SD Blu-ray,1,Blu-ray,,ES442,A,,0001-01-01,JP,TV
genshikenseasononeova,https://mediaocd.com/product/genshiken-season-one-ova-blu-ray/,Media Blasters,Genshiken: Season One + OVA,1,Blu-ray,,MBBD-2603,,,0001-01-01,JP,OVA
getterroboarccompletecollection,https://mediaocd.com/product/getter-robo-arc-complete-collection-blu-ray/,Sentai Filmworks,Getter Robo Arc: Complete Collection,1,Blu-ray,,GTR100,A,,0001-01-01,JP,TV
getterroboarmageddon,https://mediaocd.com/product/getter-robo-armageddon-blu-ray/,Discotek,Getter Robo: Armageddon,1,Blu-ray,,ES145,A,,0001-01-01,JP,TV
ghoststories,https://mediaocd.com/product/ghost-stories-blu-ray/,Discotek,Ghost Stories,1,Blu-ray,,ES555,A,,0001-01-01,JP,TV
giantgorg,https://mediaocd.com/product/giant-gorg-blu-ray/,Discotek,Giant Gorg,1,Blu-ray,,ES637,A,,0001-01-01,JP,TV
giantrobothecompleteseries,https://mediaocd.com/product/giant-robo-the-complete-series-blu-ray/,Discotek,Giant Robo: The Complete Series,1,Blu-ray,,ES361,A,,0001-01-01,JP,TV
ginreithecompleteovaseries,https://mediaocd.com/product/ginrei-the-complete-ova-series-blu-ray/,Discotek,GinRei: The Complete OVA Series,1,Blu-ray,,ES413,A,,0001-01-01,JP,OVA
godannarcompletecollection,https://mediaocd.com/product/godannar-complete-collection-blu-ray/,Sentai Filmworks,Godannar: Complete Collection,1,Blu-ray,,SFB-GOD110,A,,0001-01-01,JP,TV
godmazingerthecompletecollectionsd,https://mediaocd.com/product/god-mazinger-the-complete-collection-sd-blu-ray/,Discotek,God Mazinger: The Complete Collection – SD Blu-ray,1,Blu-ray,,ES349,A,,2026-08-15,JP,TV
gokumidnighteye,https://mediaocd.com/product/goku-midnight-eye-blu-ray/,Discotek,Goku Midnight Eye,1,Blu-ray,,ES587,A,,0001-01-01,JP,TV
goldenboy,https://mediaocd.com/product/golden-boy-blu-ray/,Discotek,Golden Boy,1,Blu-ray,,ES660,A,,0001-01-01,JP,TV
golgo13theprofessional,https://mediaocd.com/product/golgo-13-the-professional-blu-ray/,Discotek,Golgo 13: The Professional,1,Blu-ray,,ES194,A,,0001-01-01,JP,TV
gonagaiworld,https://mediaocd.com/product/go-nagai-world-blu-ray/,Discotek,Go Nagai World,1,Blu-ray,,ES583,A,,2026-08-15,JP,TV
greatmazingerthecompleteseriessd,https://mediaocd.com/product/great-mazinger-the-complete-series-sd-blu-ray/,Discotek,Great Mazinger: The Complete Series – SD Blu-ray,1,Blu-ray,,ES312,A,,0001-01-01,JP,TV
grenadierthebeautifulwarriorcompletecollection,https://mediaocd.com/product/grenadier-the-beautiful-warrior-complete-collection-blu-ray/,Media Blasters,Grenadier: The Beautiful Warrior – Complete Collection,1,Blu-ray,,MBBD-2159,,,0001-01-01,JP,TV
gunbusterthemovie,https://mediaocd.com/product/gunbuster-the-movie-blu-ray/,Sentai Filmworks,Gunbuster: The Movie,1,Blu-ray,,GNB001,,,0001-01-01,JP,movie
hajimenoippothecompletecollection,https://mediaocd.com/product/hajime-no-ippo-the-complete-collection-blu-ray/,Discotek,Hajime no Ippo: The Complete Collection,1,Blu-ray,,ES667,A,,0001-01-01,JP,TV
hanayoridangothecompleteanimatedtvseriessd,https://mediaocd.com/product/hana-yori-dango-the-complete-animated-tv-series-sd-blu-ray/,Discotek,Hana Yori Dango: The Complete Animated TV Series – SD Blu-ray,1,Blu-ray,,ES683,A,,2026-08-25,JP,TV
handmaidmay,https://mediaocd.com/product/hand-maid-may-blu-ray/,Discotek,Hand Maid May,1,Blu-ray,,ES606,A,,0001-01-01,JP,TV
hanschristianandersensthelittlemermaid,https://mediaocd.com/product/hans-christian-andersens-the-little-mermaid-blu-ray/,Discotek,Hans Christian Andersen's The Little Mermaid,1,Blu-ray,,ES614,A,,0001-01-01,JP,TV
hells,https://mediaocd.com/product/hells-blu-ray/,Discotek,Hells,1,Blu-ray,,ES247,A,,0001-01-01,JP,TV
hidamarisketchgraduationovacollection,https://mediaocd.com/product/hidamari-sketch-graduation-ova-collection-blu-ray/,Sentai Filmworks,Hidamari Sketch: Graduation OVA Collection,1,Blu-ray,,SFB-HS410,,,0001-01-01,JP,OVA
hidamarisketchpictureperfectcollection,https://mediaocd.com/product/hidamari-sketch-picture-perfect-collection-blu-ray/,Sentai Filmworks,Hidamari Sketch: Picture Perfect Collection,1,Blu-ray,,SFBHS000,,,0001-01-01,JP,TV
higurashiwhentheycrykai,https://mediaocd.com/product/higurashi-when-they-cry-kai-blu-ray/,Discotek,Higurashi: When They Cry Kai,1,Blu-ray,,ES681,A,,0001-01-01,JP,TV
higurashiwhentheycryrei,https://mediaocd.com/product/higurashi-when-they-cry-rei-blu-ray/,Discotek,Higurashi: When They Cry Rei,1,Blu-ray,,ES682,A,,0001-01-01,JP,TV
higurashiwhentheycryseason1,https://mediaocd.com/product/higurashi-when-they-cry-season-1-blu-ray/,Discotek,Higurashi: When They Cry – Season 1,1,Blu-ray,,ES664,A,,0001-01-01,JP,TV
hotorisimplywishingforhope,https://mediaocd.com/product/hotori-simply-wishing-for-hope-blu-ray-2/,AnimEigo,Hotori: Simply Wishing For Hope,1,Blu-ray,,AE19-BUNDLE,FREE,,2026-06-08,JP,TV
iriazeiramtheanimation,https://mediaocd.com/product/iria-zeiram-the-animation-blu-ray/,Discotek,Iria: Zeiram The Animation,1,Blu-ray,,ES573,A,,0001-01-01,JP,TV
jinrohthewolfbrigade,https://mediaocd.com/product/jin-roh-the-wolf-brigade-blu-ray/,Discotek,Jin-Roh: The Wolf Brigade,1,Blu-ray,,ES092,A,,0001-01-01,JP,TV
jungledeikou,https://mediaocd.com/product/jungle-de-ikou-blu-ray/,Media Blasters,Jungle De Ikou!,1,Blu-ray,,AWBD-2021,,,0001-01-01,JP,TV
kaijitheultimatesurvivorseason1collection,https://mediaocd.com/product/kaiji-the-ultimate-survivor-season-1-complete-collection-blu-ray/,Sentai Filmworks,Kaiji: The Ultimate Survivor – Season 1 Collection,1,Blu-ray,,SFBKAJ110,A,,0001-01-01,JP,TV
kanokonthegirlwhocriedfox,https://mediaocd.com/product/kanokon-the-girl-who-cried-fox-blu-ray/,Media Blasters,Kanokon: The Girl Who Cried Fox,1,Blu-ray,,MBBD-2517,,,0001-01-01,JP,TV
keepyourhandsoffeizoukencompletecollection,https://mediaocd.com/product/keep-your-hands-off-eizouken-complete-collection-blu-ray/,Sentai Filmworks,Keep Your Hands Off Eizouken!: Complete Collection,1,Blu-ray,,SFB-HOE100,,,0001-01-01,JP,TV
kekkaishithecompleteseries,https://mediaocd.com/product/kekkaishi-the-complete-series-blu-ray/,Discotek,Kekkaishi: The Complete Series,1,Blu-ray,,ES510,A,,2026-08-15,JP,TV
kenichithemightiestdiscipleseason1,https://mediaocd.com/product/kenichi-the-mightiest-disciple-season-1-blu-ray/,Discotek,Kenichi: The Mightiest Disciple Season 1,1,Blu-ray,,ES463,A,,0001-01-01,JP,TV
kenichithemightiestdiscipleseason2,https://mediaocd.com/product/kenichi-the-mightiest-disciple-season-2-blu-ray/,Discotek,Kenichi: The Mightiest Disciple Season 2,1,Blu-ray,,ES486,A,,0001-01-01,JP,TV
kenichithemightiestdiscipletheattackofdarknessovaseries,https://mediaocd.com/product/kenichi-the-mightiest-disciple-the-attack-of-darkness-ova-series-blu-ray/,Discotek,Kenichi: The Mightiest Disciple – The Attack of Darkness OVA Series,1,Blu-ray,,ES621,A,,0001-01-01,JP,OVA
kidsontheslopecompletecollection,https://mediaocd.com/product/kids-on-the-slope-complete-collection-blu-ray/,Sentai Filmworks,Kids on the Slope: Complete Collection,1,Blu-ray,,KOS110,A,,0001-01-01,JP,TV
killmebabycompletecollection,https://mediaocd.com/product/kill-me-baby-complete-collection-blu-ray/,Sentai Filmworks,Kill Me Baby: Complete Collection,1,Blu-ray,,SFB-KMB110,,,0001-01-01,JP,TV
kimagureorangeroadthecompleteovaseriesmovie,https://mediaocd.com/product/kimagure-orange-road-the-complete-ova-series-movie-blu-ray/,Discotek,Kimagure Orange Road: The Complete OVA Series & Movie,1,Blu-ray,,ES343,A,,0001-01-01,JP,OVA
kimagureorangeroadtvseriescollection,https://mediaocd.com/product/kimagure-orange-road-tv-series-collection-blu-ray/,Discotek,Kimagure Orange Road: TV Series Collection,1,Blu-ray,,ES323,A,,0001-01-01,JP,TV
kinosjourneycompletecollectionsd,https://mediaocd.com/product/kinos-journey-complete-collection-sd-blu-ray/,Sentai Filmworks,Kino's Journey: Complete Collection – SD Blu-ray,1,Blu-ray,,SFBKJ100,,,0001-01-01,JP,TV
kissxsisthecompleteoadseries,https://mediaocd.com/product/kiss-x-sis-the-complete-oad-series-blu-ray/,Discotek,Kiss x Sis: The Complete OAD Series,1,Blu-ray,,ES438,A,,2026-08-15,JP,TV
kissxsisthecompletetvseries,https://mediaocd.com/product/kiss-x-sis-the-complete-tv-series-blu-ray/,Discotek,Kiss x Sis: The Complete TV Series,1,Blu-ray,,ES632,A,,2026-08-15,JP,TV
kiteliberatorspecialedition,https://mediaocd.com/product/kite-liberator-special-edition-blu-ray/,Media Blasters,Kite Liberator – Special Edition,1,Blu-ray,,AWBD-2027,,,0001-01-01,JP,TV
kodochathecompletefirstseriessd,https://mediaocd.com/product/kodocha-the-complete-first-series-sd-blu-ray/,Discotek,Kodocha: The Complete First Series – SD Blu-ray,1,Blu-ray,,ES475,A,,0001-01-01,JP,TV
kodochathecompletesecondseriessd,https://mediaocd.com/product/kodocha-the-complete-second-series-sd-blu-ray/,Discotek,Kodocha: The Complete Second Series – SD Blu-ray,1,Blu-ray,,ES567,A,,0001-01-01,JP,TV
konultimatecollection,https://mediaocd.com/product/k-on-ultimate-collection-blu-ray/,Sentai Filmworks,K-ON!: Ultimate Collection,1,Blu-ray,,SFB-KON000,,,0001-01-01,JP,TV
ladyoscartheroseofversaillescompletecollection,https://mediaocd.com/product/lady-oscar-the-rose-of-versailles-complete-collection-blu-ray/,Discotek,Lady Oscar: The Rose of Versailles – Complete Collection,1,Blu-ray,,ES678,A,,0001-01-01,JP,TV
littlenemoadventuresinslumberland,https://mediaocd.com/product/little-nemo-adventures-in-slumberland-blu-ray/,Discotek,Little Nemo: Adventures in Slumberland,1,Blu-ray,,ES041,A,,0001-01-01,JP,TV
lookingforthefullmoonvol1,https://mediaocd.com/product/looking-for-the-full-moon-vol-1-blu-ray/,AnimEigo,Looking for the Full Moon,1,Blu-ray,,,FREE,,0001-01-01,JP,TV
lookingforthefullmoonvol2,https://mediaocd.com/product/looking-for-the-full-moon-vol-2-blu-ray/,AnimEigo,Looking for the Full Moon,2,Blu-ray,,,FREE,,0001-01-01,JP,TV
lovechunibyootherdelusionsultimatecollection,https://mediaocd.com/product/love-chunibyo-other-delusions-ultimate-collection-blu-ray/,Sentai Filmworks,"Love, Chunibyo & Other Delusions!: Ultimate Collection",1,Blu-ray,,SFB-CDK120,,,0001-01-01,JP,TV
lovelycomplex,https://mediaocd.com/product/lovely-complex-blu-ray/,Discotek,Lovely Complex,1,Blu-ray,,ES602,A,,0001-01-01,JP,TV
lupinthe3rdgoodbyepartner,https://mediaocd.com/product/lupin-the-3rd-goodbye-partner-blu-ray/,Discotek,Lupin the 3rd: Goodbye Partner,1,Blu-ray,,ES392,A,,0001-01-01,JP,TV
lupinthe3rdpart1theclassicadventures,https://mediaocd.com/product/lupin-the-3rd-part-1-the-classic-adventures-blu-ray/,Discotek,Lupin the 3rd Part 1: The Classic Adventures,1,Blu-ray,,ES506,A,,0001-01-01,JP,TV
lupinthe3rdpart6,https://mediaocd.com/product/lupin-the-3rd-part-6-blu-ray/,Sentai Filmworks,Lupin The 3rd: Part 6,1,Blu-ray,,LPN600,,,0001-01-01,JP,TV
lupinthe3rdpartiiithepinkjacketadventures,https://mediaocd.com/product/lupin-the-third-part-3-complete-series-blu-ray/,Discotek,Lupin the 3rd Part III: The Pink Jacket Adventures,1,Blu-ray,,ES459,A,,2026-08-15,JP,TV
lupinthe3rdpartivenglishdub,https://mediaocd.com/product/lupin-the-3rd-part-iv-english-dub-dvd/,Discotek,Lupin the 3rd: Part IV,1,DVD,,ES299,,,0001-01-01,JP,TV
lupinthe3rdpartivtheitalianadventureenglishlanguage,https://mediaocd.com/product/lupin-the-3rd-part-iv-the-italian-adventure-english-language-blu-ray/,Discotek,Lupin the 3rd Part IV: The Italian Adventure,1,Blu-ray,,ES289,A,,2026-08-15,JP,TV
lupinthe3rdpartivtheitalianadventurejapaneselanguage,https://mediaocd.com/product/18637/,Discotek,Lupin the 3rd Part IV: The Italian Adventure,1,Blu-ray,,ES332,A,,2026-08-15,JP,TV
lupinthe3rdthecastleofcagliostro,https://mediaocd.com/product/lupin-the-3rd-the-castle-of-cagliostro-4k-uhd/,Discotek,Lupin The 3rd: The Castle of Cagliostro,1,4K UHD,,ES421,FREE,,0001-01-01,JP,TV
lupinthe3rdtvspecialscollection1,https://mediaocd.com/product/lupin-the-3rd-tv-specials-collection-1-blu-ray/,Discotek,Lupin the 3rd: TV Specials Collection 1,1,Blu-ray,,ES676,A,,0001-01-01,JP,TV
lupinthe3rdtvspecialscollection2,https://mediaocd.com/product/lupin-the-3rd-tv-specials-collection-2-blu-ray/,Discotek,Lupin the 3rd: TV Specials Collection 2,1,Blu-ray,,ES680,A,,0001-01-01,JP,TV
lupinthe3rdvscatseye,https://mediaocd.com/product/lupin-the-3rd-vs-cats-eye-blu-ray/,Discotek,Lupin the 3rd vs. Cat's Eye,1,Blu-ray,,ES677,A,,0001-01-01,JP,TV
lupinthethirdfujikoslie,https://mediaocd.com/product/lupin-the-third-fujikos-lie-blu-ray/,Discotek,Lupin the Third: Fujiko's Lie,1,Blu-ray,,ES374,A,,2026-08-15,JP,TV
lupinthethirdgoemonsbloodspray,https://mediaocd.com/product/lupin-the-third-goemons-bloodspray-blu-ray/,Discotek,Lupin the Third: Goemon's Blood Spray,1,Blu-ray,,ES354,A,,2026-08-15,JP,TV
lupinthethirdjigensgravestone,https://mediaocd.com/product/lupin-the-3rd-jigens-gravestone-blu-ray/,Discotek,Lupin the Third: Jigen's Gravestone,1,Blu-ray,,ES154,A,,2026-08-15,JP,TV
lupinthethirdmysteryofmamo,https://mediaocd.com/product/lupin-the-third-mystery-of-mamo-blu-ray/,Discotek,Lupin the Third: Mystery of Mamo,1,Blu-ray,,ES494,A,,0001-01-01,JP,TV
lupinthethirdpartiiset1,https://mediaocd.com/product/lupin-the-third-part-ii-set-1-dvd/,Discotek,Lupin the Third: Part II – Set 1,1,DVD,,ES207,,,0001-01-01,JP,TV
lupinthethirdpartiiset2,https://mediaocd.com/product/lupin-the-third-part-ii-set-2-dvd/,Discotek,Lupin the Third: Part II – Set 2,1,DVD,,ES245,,,0001-01-01,JP,TV
lupinthethirdpartiiset3,https://mediaocd.com/product/lupin-the-third-part-ii-set-3-dvd/,Discotek,Lupin the Third: Part II – Set 3,1,DVD,,ES311,,,0001-01-01,JP,TV
lupinthethirdpartiiset4,https://mediaocd.com/product/lupin-the-third-part-ii-set-4-dvd/,Discotek,Lupin the Third: Part II – Set 4,1,DVD,,ES362,,,0001-01-01,JP,TV
lupinthethirdreturnofpycal,https://mediaocd.com/product/lupin-the-3rd-return-of-pycal-blu-ray/,Discotek,Lupin the Third: Return of Pycal,1,Blu-ray,,ES454,A,,2026-08-15,JP,TV
lupinthethirdthewomancalledfujikomine,https://mediaocd.com/product/lupin-the-third-the-woman-called-fujiko-mine-blu-ray/,Discotek,Lupin The Third: The Woman Called Fujiko Mine,1,Blu-ray,,ES424,,,0001-01-01,JP,TV
lupinzerocompletecollection,https://mediaocd.com/product/lupin-zero-complete-collection-blu-ray/,Sentai Filmworks,Lupin Zero: Complete Collection,1,Blu-ray,,SFBLPZ100,,,0001-01-01,JP,TV
madeinabyssseason1collection,https://mediaocd.com/product/made-in-abyss-season-1-collection-blu-ray/,Sentai Filmworks,MADE IN ABYSS: (Season 1) Collection,1,Blu-ray,,SFBMIA100,A,,0001-01-01,JP,TV
magicalgirllyricalnanohastrikers,https://mediaocd.com/product/magical-girl-lyrical-nanoha-strikers-blu-ray/,Discotek,Magical Girl Lyrical Nanoha StrikerS,1,Blu-ray,,ES642,A,,0001-01-01,JP,TV
magicalwitchpuniechan,https://mediaocd.com/product/magical-witch-punie-chan-blu-ray/,Media Blasters,Magical Witch Punie-Chan,1,Blu-ray,,MBBD-2327,,,0001-01-01,JP,TV
magicknightrayearthmemorialcollection,https://mediaocd.com/product/magic-knight-rayearth-memorial-collection-blu-ray/,Discotek,Magic Knight Rayearth: Memorial Collection,1,Blu-ray,,ES158,A,,0001-01-01,JP,TV
mamoruoshiisdalloscompleteovaseries,https://mediaocd.com/product/mamoru-oshiis-dallos-complete-ova-series-blu-ray/,Discotek,Mamoru Oshii's Dallos: Complete OVA Series,1,Blu-ray,,ES633,A,,0001-01-01,JP,OVA
marmaladeboycompletetvseriescollectionsd,https://mediaocd.com/product/marmalade-boy-complete-tv-series-collection-sd-blu-ray/,Discotek,Marmalade Boy: Complete TV Series Collection – SD Blu-ray,1,Blu-ray,,ES238,A,,2026-08-15,JP,TV
marmaladeboyset1,https://mediaocd.com/product/marmalade-boy-set-1-dvd/,Discotek,Marmalade Boy Set 1,1,DVD,,ES236,,,0001-01-01,JP,TV
masterofmartialhearts,https://mediaocd.com/product/master-of-martial-hearts-blu-ray/,AnimEigo,Master of Martial Hearts,1,Blu-ray,,,A,,2026-10-13,JP,TV
mazingerztvseriesvol1,https://mediaocd.com/product/mazinger-z-tv-series-vol-1-blu-ray/,Discotek,Mazinger Z: TV Series,1,Blu-ray,,ES588,A,,2026-08-15,JP,TV
mazingerztvseriesvol1,https://mediaocd.com/product/mazinger-z-tv-series-vol-1-dvd/,Discotek,Mazinger Z: TV Series,1,DVD,,ES072,1,,0001-01-01,JP,TV
mazingerztvseriesvol2,https://mediaocd.com/product/18585/,Discotek,Mazinger Z: TV Series,2,Blu-ray,,ES597,A,,2026-08-15,JP,TV
mazingerztvseriesvol2,https://mediaocd.com/product/mazinger-z-tv-series-vol-2-dvd/,Discotek,Mazinger Z: TV Series,2,DVD,,ES094,1,,0001-01-01,JP,TV
mazinkaiserskl,https://mediaocd.com/product/mazinkaiser-skl-blu-ray/,Media Blasters,Mazinkaiser SKL,1,Blu-ray,,MBBD-2130,,,0001-01-01,JP,TV
medabotsspiritthecompletesecondseriesjapaneselanguagesd,https://mediaocd.com/product/medabots-spirit-the-complete-second-series-japanese-language-sd-blu-ray/,Discotek,Medabots: Spirit – The Complete Second Series – SD Blu-ray,1,Blu-ray,,ES615,A,,0001-01-01,JP,TV
medabotsthecompletefirstseriesjapaneselanguagesd,https://mediaocd.com/product/medabots-the-complete-first-series-japanese-language-sd-blu-ray/,Discotek,Medabots: The Complete First Series – SD Blu-ray,1,Blu-ray,,ES569,A,,0001-01-01,JP,TV
medabotsthecompleteseason1englishdubbedsd,https://mediaocd.com/product/medabots-the-complete-season-1-english-dubbed-sd-blu-ray/,Discotek,Medabots: The Complete Season 1 English Dubbed – SD Blu-ray,1,Blu-ray,,ES363,A,,0001-01-01,JP,TV
medabotsthecompleteseason3englishdubbedsd,https://mediaocd.com/product/medabots-the-complete-season-3-english-dubbed-sd-blu-ray/,Discotek,Medabots: The Complete Season 3 English Dubbed – SD Blu-ray,1,Blu-ray,,ES447,A,,0001-01-01,JP,TV
megazone23thecompletetrilogy,https://mediaocd.com/product/megazone-23-the-complete-trilogy-blu-ray/,AnimEigo,Megazone 23: The Complete Trilogy,1,Blu-ray,,,,,0001-01-01,JP,TV
memories,https://mediaocd.com/product/memories-blu-ray/,Discotek,Memories,1,Blu-ray,,ES450,A,,0001-01-01,JP,TV
metalskinpanicmadox01,https://mediaocd.com/product/metal-skin-panic-madox-01-blu-ray/,AnimEigo,Metal Skin Panic MADOX-01,1,Blu-ray,,,,,0001-01-01,JP,TV
mononoke,https://mediaocd.com/product/mononoke-blu-ray/,Discotek,Mononoke,1,Blu-ray,,ES557,A,,0001-01-01,JP,TV
monsterrancherthecompleteenglishlanguagetvseriessd,https://mediaocd.com/product/monster-rancher-the-complete-english-language-tv-series-sd-blu-ray/,Discotek,Monster Rancher: The Complete English Language TV Series – SD Blu-ray,1,Blu-ray,,ES283,A,,2026-08-15,JP,TV
monstertvseriescollection1,https://mediaocd.com/product/monster-tv-series-collection-1-blu-ray/,Discotek,Monster: TV Series Collection 1,1,Blu-ray,,ES686,A,,2026-08-25,JP,TV
monthlygirlsnozakikuncompletecollection,https://mediaocd.com/product/monthly-girls-nozaki-kun-complete-collection-blu-ray/,Sentai Filmworks,Monthly Girls' Nozaki-kun: Complete Collection,1,Blu-ray,,SFB-MGN110,,,0001-01-01,JP,TV
moribitoguardianofthespiritcompletecollection,https://mediaocd.com/product/moribito-guardian-of-the-spirit-complete-collection-blu-ray/,Sentai Filmworks,Moribito: Guardian of the Spirit – Complete Collection,1,Blu-ray,,MGS100,A,,0001-01-01,JP,TV
mylovestorycompletecollection,https://mediaocd.com/product/my-love-story-complete-collection-blu-ray/,Sentai Filmworks,My Love Story!!: Complete Collection,1,Blu-ray,,SFB-MLS110,,,0001-01-01,JP,TV
nasusummerinandalusia,https://mediaocd.com/product/nasu-summer-in-andalusia-blu-ray/,AnimEigo,Nasu: Summer in Andalusia,1,Blu-ray,,,,,0001-01-01,JP,TV
newcuteyhoney,https://mediaocd.com/product/new-cutey-honey-blu-ray/,Discotek,New Cutey Honey,1,Blu-ray,,ES340,A,,0001-01-01,JP,TV
newgetterrobo,https://mediaocd.com/product/new-getter-robo-blu-ray/,Discotek,New Getter Robo,1,Blu-ray,,ES411,A,,0001-01-01,JP,TV
nightonthegalacticrailroad,https://mediaocd.com/product/night-on-the-galactic-railroad-blu-ray/,Discotek,Night on the Galactic Railroad,1,Blu-ray,,ES139,A,,0001-01-01,JP,TV
ninjascroll,https://mediaocd.com/product/ninja-scroll-blu-ray/,Sentai Filmworks,Ninja Scroll,1,Blu-ray,,SFBNJS003,,,0001-01-01,JP,TV
nobodysboyremi,https://mediaocd.com/product/nobodys-boy-remi-blu-ray/,AnimEigo,Nobody's Boy Remi,1,Blu-ray,,,,,0001-01-01,JP,TV
osamutezukasathousandandonenights,https://mediaocd.com/product/osamu-tezukas-a-thousand-and-one-nights-blu-ray/,Discotek,Osamu Tezuka's A Thousand and One Nights,1,Blu-ray,,ES414,A,,0001-01-01,JP,TV
osamutezukascleopatra,https://mediaocd.com/product/osamu-tezukas-cleopatra-blu-ray/,Discotek,Osamu Tezuka's Cleopatra,1,Blu-ray,,ES405,A,,0001-01-01,JP,TV
osamutezukasphoenixperfectcollection,https://mediaocd.com/product/osamu-tezukas-phoenix-perfect-collection-blu-ray/,Media Blasters,Osamu Tezuka's Phoenix: Perfect Collection,1,Blu-ray,,AWBD-1910,,,0001-01-01,JP,TV
oshinokoseason1collection,https://mediaocd.com/product/oshi-no-ko-season-1-collection-blu-ray/,Sentai Filmworks,OSHI NO KO (Season 1) Collection,1,Blu-ray,,SFBONK001,A,,0001-01-01,JP,TV
osomatsukunsd,https://mediaocd.com/product/osomatsu-kun-sd-blu-ray/,Discotek,Osomatsu-kun – SD Blu-ray,1,Blu-ray,,ES654,A,,0001-01-01,JP,TV
otakunovideo,https://mediaocd.com/product/otaku-no-video-blu-ray/,AnimEigo,Otaku no Video,1,Blu-ray,,,FREE,,0001-01-01,JP,TV
overmankinggainerthecompleteseries,https://mediaocd.com/product/overman-king-gainer-the-complete-series-blu-ray/,Discotek,Overman King Gainer: The Complete Series,1,Blu-ray,,ES598,A,,0001-01-01,JP,TV
panzerworldgalientthecompleteseries,https://mediaocd.com/product/panzer-world-galient-the-complete-series-blu-ray/,Sentai Filmworks,Panzer World Galient: The Complete Series,1,Blu-ray,,SFBPWG100,,,0001-01-01,JP,TV
patlabortheoriginalovaseries,https://mediaocd.com/product/patlabor-the-original-ova-series-blu-ray/,Discotek,Patlabor: The Original OVA Series,1,Blu-ray,,ES679,A,,0001-01-01,JP,OVA
photontheidiotadventures,https://mediaocd.com/product/photon-the-idiot-adventures-blu-ray/,Discotek,Photon: The Idiot Adventures,1,Blu-ray,,ES645,A,,0001-01-01,JP,TV
primeroseatimeslipof10000years,https://mediaocd.com/product/prime-rose-a-time-slip-of-10000-years-blu-ray-copy/,AnimEigo,"Prime Rose: A Time Slip of 10,000 Years",1,Blu-ray,,,FREE,,0001-01-01,JP,TV
princesstutucompletecollection,https://mediaocd.com/product/princess-tutu-complete-collection-blu-ray/,Sentai Filmworks,Princess Tutu: Complete Collection,1,Blu-ray,,PTT100,,,0001-01-01,JP,TV
professorlaytonandtheeternaldiva,https://mediaocd.com/product/professor-layton-and-the-eternal-diva-blu-ray/,Discotek,Professor Layton and the Eternal Diva,1,Blu-ray,,ES646,A,,0001-01-01,JP,TV
projectakoperfectcollection,https://mediaocd.com/product/project-a-ko-perfect-collection-4k-uhd/,Discotek,Project A-ko: Perfect Collection,1,4K UHD,,ES671,,,0001-01-01,JP,TV
projectarmssd,https://mediaocd.com/product/project-arms-sd-blu-ray/,Discotek,Project ARMS – SD Blu-ray,1,Blu-ray,,ES668,A,,0001-01-01,JP,TV
puppetprincess,https://mediaocd.com/product/puppet-princess-blu-ray/,Media Blasters,Puppet Princess,1,Blu-ray,,MBBD-2101,,,0001-01-01,JP,TV
queenmillenniacompletecollection,https://mediaocd.com/product/queen-millennia-complete-collection-blu-ray/,Sentai Filmworks,Queen Millennia: Complete Collection,1,Blu-ray,,SFBQML100,,,0001-01-01,JP,TV
rainbow,https://mediaocd.com/product/rainbow-blu-ray/,Discotek,Rainbow,1,Blu-ray,,ES607,A,,0001-01-01,JP,TV
ramenfightermikifullcourse,https://mediaocd.com/product/ramen-fighter-miki-full-course-blu-ray/,Media Blasters,Ramen Fighter Miki: Full Course,1,Blu-ray,,MBBD-2210,,,0001-01-01,JP,TV
rebornvolume1sd,https://mediaocd.com/product/reborn-volume-1-sd-blu-ray/,Discotek,Reborn!,1,Blu-ray,,ES249,A,,0001-01-01,JP,TV
recutiehoney,https://mediaocd.com/product/recutie-honey-blu-ray/,Discotek,Re:Cutie Honey,1,Blu-ray,,ES576,A,,0001-01-01,JP,TV
recycleofthepenguindrummoviecollection,https://mediaocd.com/product/recycle-of-the-penguindrum-movie-collection-blu-ray/,Sentai Filmworks,RE:cycle of the PENGUINDRUM: Movie Collection,1,Blu-ray,,SFB-PGD001,,,0001-01-01,JP,TV
revuestarlightcompletecollection,https://mediaocd.com/product/revue-starlight-complete-collection-blu-ray/,Sentai Filmworks,Revue Starlight: Complete Collection,1,Blu-ray,,SFB-RST100,A,,0001-01-01,JP,TV
revuestarlightthemovie,https://mediaocd.com/product/revue-starlight-the-movie/,Sentai Filmworks,Revue Starlight: The Movie,1,Blu-ray,,SFB-RST001,A,,0001-01-01,JP,movie
ridingbean,https://mediaocd.com/product/riding-bean-blu-ray/,AnimEigo,Riding Bean,1,Blu-ray,,,FREE,,0001-01-01,JP,TV
robotcarnival,https://mediaocd.com/product/robot-carnival-4k-uhd/,Discotek,Robot Carnival,1,4K UHD,,ES483,FREE,,0001-01-01,JP,TV
robotcarnival,https://mediaocd.com/product/robot-carnival-blu-ray/,Discotek,Robot Carnival,1,Blu-ray,,ES253,A,,0001-01-01,JP,TV
romeosblueskiesthecompleteseries,https://mediaocd.com/product/romeos-blue-skies-the-complete-series-blu-ray/,AnimEigo,Romeo's Blue Skies: The Complete Series,1,Blu-ray,,,FREE,,0001-01-01,JP,TV
saintseiyaknightsofthezodiacclassicmoviecollection,https://mediaocd.com/product/saint-seiya-knights-of-the-zodiac-classic-movie-collection-blu-ray/,Discotek,Saint Seiya: Knights of the Zodiac – Classic Movie Collection,1,Blu-ray,,ES445,A,,2026-08-15,JP,TV
samuraitroopersroninwarriorsthecompletecollection,https://mediaocd.com/product/samurai-troopers-the-complete-collection-blu-ray/,Discotek,Samurai Troopers – Ronin Warriors: The Complete Collection,1,Blu-ray,,ES482,A,,0001-01-01,JP,TV
sasukethecompletetelevisionseries,https://mediaocd.com/product/sasuke-the-complete-television-series-blu-ray/,AnimEigo,SASUKE: The Complete Television Series,1,Blu-ray,,,FREE,,0001-01-01,JP,TV
scryedthecompletetvseries,https://mediaocd.com/product/s-cry-ed-the-complete-tv-series-blu-ray/,Discotek,s-CRY-ed: The Complete TV Series,1,Blu-ray,,ES433,A,,0001-01-01,JP,TV
sgtfrogseason1sd,https://mediaocd.com/product/sgt-frog-season-1-sd-blu-ray/,Discotek,Sgt. Frog Season 1 – SD Blu-ray,1,Blu-ray,,ES469,A,,0001-01-01,JP,TV
sgtfrogseason2sd,https://mediaocd.com/product/sgt-frog-season-2-sd-blu-ray/,Discotek,Sgt. Frog Season 2 – SD Blu-ray,1,Blu-ray,,ES512,A,,0001-01-01,JP,TV
sgtfrogseasons34sd,https://mediaocd.com/product/sgt-frog-seasons-3-4-sd-blu-ray/,Discotek,Sgt. Frog Seasons 3 & 4 – SD Blu-ray,1,Blu-ray,,ES582,A,,0001-01-01,JP,TV
sgtfrogseasons57sd,https://mediaocd.com/product/sgt-frog-seasons-5-7-sd-blu-ray/,Discotek,Sgt. Frog Seasons 5-7 – SD Blu-ray,1,Blu-ray,,ES638,A,,0001-01-01,JP,TV
sgtfrogtheoriginalmovies15collection,https://mediaocd.com/product/sgt-frog-the-original-movies-1-5-collection-blu-ray/,Discotek,Sgt. Frog: The Original Movies 1-5 Collection,1,Blu-ray,,ES685,A,,2026-08-25,JP,TV
shamankingoriginalseriesenglishdubsd,https://mediaocd.com/product/shaman-king-original-series-english-dub-blu-ray/,Discotek,Shaman King: Original Series – SD Blu-ray,1,Blu-ray,,ES473,A,,0001-01-01,JP,TV
shamankingoriginalseriesjapaneselanguage,https://mediaocd.com/product/shaman-king-original-series-japanese-language-blu-ray/,Discotek,Shaman King: Original Series,1,Blu-ray,,ES549,A,,0001-01-01,JP,TV
sherlockhoundcompleteunabridged,https://mediaocd.com/product/sherlock-hound-complete-unabridged-blu-ray/,Discotek,Sherlock Hound: Complete & Unabridged,1,Blu-ray,,ES537,A,,0001-01-01,JP,TV
shinaimfortheace,https://mediaocd.com/product/shin-aim-for-the-ace-blu-ray/,Discotek,Shin Aim for the Ace,1,Blu-ray,,ES673,A,,0001-01-01,JP,TV
shinchanthecompleteenglishseriessd,https://mediaocd.com/product/shin-chan-the-complete-english-series-sd-blu-ray/,Discotek,Shin-Chan: The Complete English Series – SD Blu-ray,1,Blu-ray,,ES663,A,,0001-01-01,JP,TV
shirobakocompletecollection,https://mediaocd.com/product/shirobako-complete-collection-blu-ray/,Sentai Filmworks,Shirobako: Complete Collection,1,Blu-ray,,SHB100,A,,0001-01-01,JP,TV
shortpeace,https://mediaocd.com/product/short-peace-blu-ray/,Sentai Filmworks,Short Peace,1,Blu-ray,,SHP010,,,0001-01-01,JP,TV
sketchbookfullcolors,https://mediaocd.com/product/sketchbook-full-colors-blu-ray/,AnimEigo,Sketchbook ~full color's~,1,Blu-ray,,,FREE,,2026-08-10,JP,TV
sonicxthecompleteseriesenglishlanguagecollectionsd,https://mediaocd.com/product/sonic-x-the-complete-series-english-language-collection-sd-blu-ray/,Discotek,Sonic X: The Complete Series – English Language Collection – SD Blu-ray,1,Blu-ray,,ES336,A,,0001-01-01,JP,TV
sonicxthecompleteseriesjapaneselanguagecollectionsd,https://mediaocd.com/product/sonic-x-the-complete-series-japanese-language-collection-sd-blu-ray/,Discotek,Sonic X: The Complete Series – Japanese Language Collection – SD Blu-ray,1,Blu-ray,,ES562,A,,2026-08-15,JP,TV
sorcererhunterssd,https://mediaocd.com/product/1986/,Discotek,Sorcerer Hunters – SD Blu-ray,1,Blu-ray,,ES335,A,,0001-01-01,JP,TV
spaceadventurecobrathecompleteoriginaltvseries,https://mediaocd.com/product/space-adventure-cobra-the-complete-original-tv-series-blu-ray/,Discotek,Space Adventure Cobra: The Complete Original TV Series,1,Blu-ray,,ES408,A,,0001-01-01,JP,TV
spaceadventurecobrathemovie,https://mediaocd.com/product/space-adventure-cobra-the-movie-blu-ray/,Discotek,Space Adventure Cobra: The Movie,1,Blu-ray,,ES124,A,,0001-01-01,JP,movie
spaceadventurecobrathemovieyelloedition,https://mediaocd.com/product/space-adventure-cobra-the-movie-yello-edition-blu-ray/,Discotek,Space Adventure Cobra: The Movie – Yello Edition,1,Blu-ray,,ES672,A,,0001-01-01,JP,movie
starmusketeerbismark,https://mediaocd.com/product/star-musketeer-bismark-blu-ray/,Discotek,Star Musketeer Bismark,1,Blu-ray,,ES644,A,,0001-01-01,JP,TV
staroceanexthecompleteseries,https://mediaocd.com/product/star-ocean-ex-the-complete-series-blu-ray/,Discotek,Star Ocean EX: The Complete Series,1,Blu-ray,,ES291,A,,0001-01-01,JP,TV
streetfighteriitheanimatedmovie,https://mediaocd.com/product/street-fighter-ii-the-animated-movie-4k-uhd/,Discotek,Street Fighter II: The Animated Movie,1,Blu-ray,,ES590,,,0001-01-01,JP,TV
streetfighteriitheanimatedmovie,https://mediaocd.com/product/street-fighter-ii-the-animated-movie-blu-ray/,Discotek,Street Fighter II: The Animated Movie,2,Blu-ray,,ES157,A,,0001-01-01,JP,TV
superdimensioncenturyorguss,https://mediaocd.com/product/super-dimension-century-orguss-blu-ray/,Discotek,Super Dimension Century Orguss,1,Blu-ray,,ES468,A,,0001-01-01,JP,TV
symphogearaxzthecompletefourthseason,https://mediaocd.com/product/symphogear-axz-the-complete-fourth-season-blu-ray/,Discotek,Symphogear AXZ: The Complete Fourth Season,1,Blu-ray,,ES536,A,,2026-08-15,JP,TV
symphogeargthecompletesecondseason,https://mediaocd.com/product/symphogear-g-the-complete-second-season-blu-ray/,Discotek,Symphogear G: The Complete Second Season,1,Blu-ray,,ES436,A,,2026-08-15,JP,TV
symphogeargxthecompletethirdseason,https://mediaocd.com/product/symphogear-gx-the-complete-third-season-blu-ray/,Discotek,Symphogear GX: The Complete Third Season,1,Blu-ray,,ES527,A,,2026-08-15,JP,TV
symphogearthecompletefirstseason,https://mediaocd.com/product/symphogear-the-complete-first-season-blu-ray/,Discotek,Symphogear: The Complete First Season,1,Blu-ray,,ES402,A,,2026-08-15,JP,TV
symphogearxvthecompletefifthseason,https://mediaocd.com/product/symphogear-xv-the-complete-fifth-season-blu-ray/,Discotek,Symphogear XV: The Complete Fifth Season,1,Blu-ray,,ES552,A,,2026-08-15,JP,TV
tenjhotengecompletecollection,https://mediaocd.com/product/tenjho-tenge-complete-collection-blu-ray/,Discotek,Tenjho Tenge: Complete Collection,1,Blu-ray,,ES279,A,,0001-01-01,JP,TV
tetsujin28thecomplete2004tvseriessd,https://mediaocd.com/product/tetsujin-28-the-complete-2004-tv-series-sd-blu-ray/,Discotek,Tetsujin 28: The Complete 2004 TV Series – SD Blu-ray,1,Blu-ray,,ES308,A,,0001-01-01,JP,TV
theamazingnursenanako,https://mediaocd.com/product/the-amazing-nurse-nanako-blu-ray/,Media Blasters,The Amazing Nurse Nanako,1,Blu-ray,,MBBD-2522,,,0001-01-01,JP,TV
thekingofbravesgaogaigarfinal,https://mediaocd.com/product/the-king-of-braves-gaogaigar-final-blu-ray/,Discotek,The King of Braves: GaoGaiGar Final,1,Blu-ray,,ES560,A,,0001-01-01,JP,TV
thekingofbravesgaogaigarthecompletetvseries,https://mediaocd.com/product/the-king-of-braves-gaogaigar-the-complete-tv-series-blu-ray/,Discotek,The King of Braves: GaoGaiGar – The Complete TV Series,1,Blu-ray,,ES551,A,,0001-01-01,JP,TV
thelifeofbudorigusuko,https://mediaocd.com/product/the-life-of-budori-gusuko-blu-ray/,Sentai Filmworks,The Life of Budori Gusuko,1,Blu-ray,,SFBLBG002,A,,0001-01-01,JP,TV
theworldgodonlyknowsultimatecollection,https://mediaocd.com/product/the-world-god-only-knows-ultimate-collection-blu-ray/,Sentai Filmworks,The World God Only Knows: Ultimate Collection,1,Blu-ray,,SFBWGK110,A,,0001-01-01,JP,TV
timeofevecompletecollection,https://mediaocd.com/product/time-of-eve-complete-collection-blu-ray/,AnimEigo,Time of Eve: Complete Collection,1,Blu-ray,,,FREE,,0001-01-01,JP,TV
timeofevethemoviekickstarterregularedition,https://mediaocd.com/product/time-of-eve-the-movie-kickstarter-regular-edition/,AnimEigo,Time of Eve: The Movie (Kickstarter Regular Edition),1,Blu-ray,,864995000021,FREE,,0001-01-01,JP,movie
tonagura,https://mediaocd.com/product/tona-gura-blu-ray/,Discotek,Tona-gura!,1,Blu-ray,,ES631,A,,2026-08-15,JP,TV
tweenywitchescompletecollection,https://mediaocd.com/product/tweeny-witches-complete-collection-blu-ray/,Media Blasters,Tweeny Witches: Complete Collection,1,Blu-ray,,MBBD-2308,,,0001-01-01,JP,TV
twelvekingdomsthecompleteseries,https://mediaocd.com/product/twelve-kingdoms-the-complete-series-blu-ray/,Discotek,Twelve Kingdoms: The Complete Series,1,Blu-ray,,ES338,A,,0001-01-01,JP,TV
ultimatemusclethekinnikumanlegacysd,https://mediaocd.com/product/ultimate-muscle-the-kinnikuman-legacy-sd-blu-ray/,Discotek,Ultimate Muscle: The Kinnikuman Legacy – SD Blu-ray,1,Blu-ray,,ES565,A,,2026-08-15,JP,TV
unicodoublefeature,https://mediaocd.com/product/unico-double-feature-blu-ray/,Discotek,Unico: Double Feature,1,Blu-ray,,ES064,A,,2026-08-15,JP,TV
urotsukidojilegendoftheoverfiend,https://mediaocd.com/product/urotsukidoji-legend-of-the-overfiend-blu-ray/,Discotek,Urotsukidoji: Legend of the Overfiend,1,Blu-ray,,ES651,A,,0001-01-01,JP,TV
urotsukidojisequelsoftheoverfiendsd,https://mediaocd.com/product/urotsukidoji-sequels-of-the-overfiend-sd-blu-ray/,Discotek,Urotsukidoji: Sequels of the Overfiend – SD Blu-ray,1,Blu-ray,,ES665,A,,0001-01-01,JP,TV
uruseiyatsuraalwaysmydarling,https://mediaocd.com/product/urusei-yatsura-always-my-darling-blu-ray/,Discotek,Urusei Yatsura: Always My Darling,1,Blu-ray,,ES540,A,,2027-05-15,JP,TV
uruseiyatsuralumtheforever,https://mediaocd.com/product/urusei-yatsura-lum-the-forever-blu-ray/,Discotek,Urusei Yatsura: Lum The Forever,1,Blu-ray,,ES511,A,,0001-01-01,JP,TV
uruseiyatsuraonlyyou,https://mediaocd.com/product/urusei-yatsura-only-you-blu-ray/,Discotek,Urusei Yatsura: Only You,1,Blu-ray,,ES477,A,,0001-01-01,JP,TV
uruseiyatsuraovaseriescollection,https://mediaocd.com/product/urusei-yatsura-ova-series-collection-blu-ray/,Discotek,Urusei Yatsura: OVA Series Collection,1,Blu-ray,,ES626,A,,0001-01-01,JP,OVA
uruseiyatsuraremembermylove,https://mediaocd.com/product/urusei-yatsura-remember-my-love-blu-ray/,Discotek,Urusei Yatsura: Remember My Love,1,Blu-ray,,ES487,A,,0001-01-01,JP,TV
uruseiyatsuraseason1and2collection2022,https://mediaocd.com/product/urusei-yatsura-season-1-and-2-collection-2022-blu-ray/,Sentai Filmworks,Urusei Yatsura: Season 1 And 2 Collection (2022),1,Blu-ray,,SFBLUM100,,,0001-01-01,JP,TV
uruseiyatsuraseason34collection2022,https://mediaocd.com/product/urusei-yatsura-season-3-4-collection-2022-blu-ray-2/,Sentai Filmworks,Urusei Yatsura: Season 3 & 4 Collection (2022),1,Blu-ray,,SFBLUM300,,,0001-01-01,JP,TV
uruseiyatsurathefinalchapter,https://mediaocd.com/product/urusei-yatsura-the-final-chapter-blu-ray/,Discotek,Urusei Yatsura: The Final Chapter,1,Blu-ray,,ES526,A,,0001-01-01,JP,TV
uruseiyatsuratvseriescollection1,https://mediaocd.com/product/urusei-yatsura-tv-series-collection-1-blu-ray/,Discotek,Urusei Yatsura: TV Series Collection 1,1,Blu-ray,,ES563,,,0001-01-01,JP,TV
uruseiyatsuratvseriescollection2,https://mediaocd.com/product/urusei-yatsura-tv-series-collection-2-blu-ray/,Discotek,Urusei Yatsura: TV Series Collection 2,1,Blu-ray,,ES574,,,0001-01-01,JP,TV
uruseiyatsuratvseriescollection3,https://mediaocd.com/product/urusei-yatsura-tv-series-collection-3-blu-ray/,Discotek,Urusei Yatsura: TV Series Collection 3,1,Blu-ray,,ES585,,,0001-01-01,JP,TV
uruseiyatsuratvseriescollection4,https://mediaocd.com/product/urusei-yatsura-tv-series-collection-4-blu-ray/,Discotek,Urusei Yatsura: TV Series Collection 4,1,Blu-ray,,ES600,,,0001-01-01,JP,TV
vampirehunterd,https://mediaocd.com/product/vampire-hunter-d-blu-ray/,Sentai Filmworks,Vampire Hunter D,1,Blu-ray,,SFBVHD004,,,0001-01-01,JP,TV
vampireprincessmiyuovablurayexclusive,https://mediaocd.com/product/vampire-princess-miyu-ova-blu-ray/,AnimEigo,Vampire Princess Miyu OVA – Blu-ray – EXCLUSIVE!,1,Blu-ray,,,,,2026-09-08,JP,OVA
vinlandsagaseason1completecollection,https://mediaocd.com/product/vinland-saga-season-1-complete-collection-blu-ray/,Sentai Filmworks,Vinland Saga (Season 1): Complete Collection,1,Blu-ray,,SFB-VNS100,A,,0001-01-01,JP,TV
violencejackcompleteovacollection,https://mediaocd.com/product/violence-jack-complete-ova-collection-blu-ray/,Discotek,Violence Jack: Complete OVA Collection,1,Blu-ray,,ES518,A,,0001-01-01,JP,OVA
virtuafightertheanimatedseries,https://mediaocd.com/product/virtua-fighter-the-animated-series-blu-ray/,Discotek,Virtua Fighter: The Animated Series,1,Blu-ray,,ES547,,,0001-01-01,JP,TV
vividstrike,https://mediaocd.com/product/vivid-strike-blu-ray/,Discotek,Vivid Strike!,1,Blu-ray,,ES656,A,,0001-01-01,JP,TV
voltesv,https://mediaocd.com/product/voltes-v-blu-ray/,Discotek,Voltes V,1,Blu-ray,,ES674,,,0001-01-01,JP,TV
wickedcity,https://mediaocd.com/product/wicked-city-blu-ray/,Discotek,Wicked City,1,Blu-ray,,ES404,A,,0001-01-01,JP,TV
yamibodarknessthehatandtravelersofthebooks,https://mediaocd.com/product/yamibo-darkness-the-hat-and-travelers-of-the-books-blu-ray/,Media Blasters,"YAMIBO: Darkness, the Hat, and Travelers of the Books",1,Blu-ray,,AWBD-1610,,,0001-01-01,JP,TV
youngblackjackcompletecollection,https://mediaocd.com/product/young-black-jack-complete-collection-blu-ray-2/,Sentai Filmworks,Young Black Jack: Complete Collection,1,Blu-ray,,SFBYBJ110,,,0001-01-01,JP,TV
yuyushikicompletecollection,https://mediaocd.com/product/yuyushiki-complete-collection-blu-ray/,Sentai Filmworks,Yuyushiki: Complete Collection,1,Blu-ray,,YYS110,,,0001-01-01,JP,TV
zegapainthecompletetvseriesandmoviescollection,https://mediaocd.com/product/zegapain-the-complete-tv-series-and-movies-collection-blu-ray/,Discotek,Zegapain: The Complete TV Series and Movies Collection,1,Blu-ray,,ES684,A,,2026-08-25,JP,TV
zoneoftheendersperfectcollection,https://mediaocd.com/product/zone-of-the-enders-perfect-collection-blu-ray/,Discotek,Zone of the Enders: Perfect Collection,1,Blu-ray,,ES675,A,,0001-01-01,JP,TV
